{
    "type": "reply",
    "tag": "css",
    "difficulty": "1",
    "from": "https://github.com/hawx1993/front-end-interview-questions",
    "description": "css hack原理及常用hack",
    "answer": "原理：利用**不同浏览器对CSS的支持和解析结果不一样**编写针对特定浏览器样式。常见的hack有1）属性hack。2）选择器hack。3）IE条件注释\n\n- IE条件注释：适用于[IE5, IE9]常见格式如下\n\n```\n<!--[if IE 6]>\nSpecial instructions for IE 6 here\n<![endif]-->\n```\n\n- 选择器hack：不同浏览器对选择器的支持不一样\n\n```\n/***** Selector Hacks ******/\n\n/* IE6 and below */\n* html #uno  { color: red }\n\n/* IE7 */\n*:first-child+html #dos { color: red }\n\n/* IE7, FF, Saf, Opera  */\nhtml>body #tres { color: red }\n\n/* IE8, FF, Saf, Opera (Everything but IE 6,7) */\nhtml>/**/body #cuatro { color: red }\n\n/* Opera 9.27 and below, safari 2 */\nhtml:first-child #cinco { color: red }\n\n/* Safari 2-3 */\nhtml[xmlns*=\"\"] body:last-child #seis { color: red }\n\n/* safari 3+, chrome 1+, opera9+, ff 3.5+ */\nbody:nth-of-type(1) #siete { color: red }\n\n/* safari 3+, chrome 1+, opera9+, ff 3.5+ */\nbody:first-of-type #ocho {  color: red }\n\n/* saf3+, chrome1+ */\n@media screen and (-webkit-min-device-pixel-ratio:0) {\n #diez  { color: red  }\n}\n\n/* iPhone / mobile webkit */\n@media screen and (max-device-width: 480px) {\n #veintiseis { color: red  }\n}\n\n/* Safari 2 - 3.1 */\nhtml[xmlns*=\"\"]:root #trece  { color: red  }\n\n/* Safari 2 - 3.1, Opera 9.25 */\n*|html[xmlns*=\"\"] #catorce { color: red  }\n\n/* Everything but IE6-8 */\n:root *> #quince { color: red  }\n\n/* IE7 */\n*+html #dieciocho {  color: red }\n\n/* Firefox only. 1+ */\n#veinticuatro,  x:-moz-any-link  { color: red }\n\n/* Firefox 3.0+ */\n#veinticinco,  x:-moz-any-link, x:default  { color: red  }\n```\n\n- 属性hack：不同浏览器解析bug或方法\n\n```\n/* IE6 */\n#once { _color: blue }\n\n/* IE6, IE7 */\n#doce { *color: blue; /* or #color: blue */ }\n\n/* Everything but IE6 */\n#diecisiete { color/**/: blue }\n\n/* IE6, IE7, IE8 */\n#diecinueve { color: blue\\9; }\n\n/* IE7, IE8 */\n#veinte { color/*\\**/: blue\\9; }\n\n/* IE6, IE7 -- acts as an !important */\n#veintesiete { color: blue !ie; } /* string after ! can be anything */\n```",
    "options": []
}