{
    "type": "reply",
    "tag": "css",
    "difficulty": "1",
    "from": "https://github.com/qiu-deqing/fe-interview",
    "description": "<p>css hack原理及常用hack</p>\n",
    "answer": "<p>原理：利用<strong>不同浏览器对CSS的支持和解析结果不一样</strong>编写针对特定浏览器样式。常见的hack有1）属性hack。2）选择器hack。3）IE条件注释</p>\n<ul>\n<li>IE条件注释：适用于[IE5, IE9]常见格式如下</li>\n</ul>\n<pre><code>&lt;!--[if IE 6]&gt;\nSpecial instructions for IE 6 here\n&lt;![endif]--&gt;\n</code></pre><ul>\n<li>选择器hack：不同浏览器对选择器的支持不一样</li>\n</ul>\n<pre><code>/***** Selector Hacks ******/\n\n/* IE6 and below */\n* html #uno  { color: red }\n\n/* IE7 */\n*:first-child+html #dos { color: red }\n\n/* IE7, FF, Saf, Opera  */\nhtml&gt;body #tres { color: red }\n\n/* IE8, FF, Saf, Opera (Everything but IE 6,7) */\nhtml&gt;/**/body #cuatro { color: red }\n\n/* Opera 9.27 and below, safari 2 */\nhtml:first-child #cinco { color: red }\n\n/* Safari 2-3 */\nhtml[xmlns*=&quot;&quot;] body:last-child #seis { color: red }\n\n/* safari 3+, chrome 1+, opera9+, ff 3.5+ */\nbody:nth-of-type(1) #siete { color: red }\n\n/* safari 3+, chrome 1+, opera9+, ff 3.5+ */\nbody:first-of-type #ocho {  color: red }\n\n/* saf3+, chrome1+ */\n@media screen and (-webkit-min-device-pixel-ratio:0) {\n #diez  { color: red  }\n}\n\n/* iPhone / mobile webkit */\n@media screen and (max-device-width: 480px) {\n #veintiseis { color: red  }\n}\n\n/* Safari 2 - 3.1 */\nhtml[xmlns*=&quot;&quot;]:root #trece  { color: red  }\n\n/* Safari 2 - 3.1, Opera 9.25 */\n*|html[xmlns*=&quot;&quot;] #catorce { color: red  }\n\n/* Everything but IE6-8 */\n:root *&gt; #quince { color: red  }\n\n/* IE7 */\n*+html #dieciocho {  color: red }\n\n/* Firefox only. 1+ */\n#veinticuatro,  x:-moz-any-link  { color: red }\n\n/* Firefox 3.0+ */\n#veinticinco,  x:-moz-any-link, x:default  { color: red  }\n</code></pre><ul>\n<li>属性hack：不同浏览器解析bug或方法</li>\n</ul>\n<pre><code>/* IE6 */\n#once { _color: blue }\n\n/* IE6, IE7 */\n#doce { *color: blue; /* or #color: blue */ }\n\n/* Everything but IE6 */\n#diecisiete { color/**/: blue }\n\n/* IE6, IE7, IE8 */\n#diecinueve { color: blue\\9; }\n\n/* IE7, IE8 */\n#veinte { color/*\\**/: blue\\9; }\n\n/* IE6, IE7 -- acts as an !important */\n#veintesiete { color: blue !ie; } /* string after ! can be anything */\n</code></pre>",
    "options": []
}