{
    "type": "reply",
    "tag": "css",
    "difficulty": "1",
    "from": "https://github.com/hawx1993/front-end-interview-questions",
    "description": "如何竖直居中一个元素",
    "answer": "参考资料：[6 Methods For Vertical Centering With CSS](http://www.vanseodesign.com/css/vertical-centering/)。 [盘点8种CSS实现垂直居中](http://blog.csdn.net/freshlover/article/details/11579669)\n\n- 需要居中元素为**单行文本**，为包含文本的元素设置大于`font-size`的`line-height`：\n\n```\n<p class=\"text\">center text</p>\n\n<style>\n.text {\n    line-height: 200px;\n}\n</style>\n```",
    "options": []
}