{
    "type": "reply",
    "tag": "css",
    "difficulty": "1",
    "from": "https://github.com/qiu-deqing/fe-interview",
    "description": "<p>CSS选择器有哪些</p>\n",
    "answer": "<ol>\n<li><strong>*通用选择器</strong>：选择所有元素，<strong>不参与计算优先级</strong>，兼容性IE6+</li>\n<li><strong>#X id选择器</strong>：选择id值为X的元素，兼容性：IE6+</li>\n<li><strong>.X 类选择器</strong>： 选择class包含X的元素，兼容性：IE6+</li>\n<li><strong>X Y后代选择器</strong>： 选择满足X选择器的后代节点中满足Y选择器的元素，兼容性：IE6+</li>\n<li><strong>X 元素选择器</strong>： 选择标所有签为X的元素，兼容性：IE6+</li>\n<li><strong>:link，：visited，：focus，：hover，：active链接状态</strong>： 选择特定状态的链接元素，顺序LoVe HAte，兼容性: IE4+</li>\n<li><strong>X + Y直接兄弟选择器</strong>：在<strong>X之后第一个兄弟节点</strong>中选择满足Y选择器的元素，兼容性： IE7+</li>\n<li><strong>X &gt; Y子选择器</strong>： 选择X的子元素中满足Y选择器的元素，兼容性： IE7+</li>\n<li><strong>X ~ Y兄弟</strong>： 选择<strong>X之后所有兄弟节点</strong>中满足Y选择器的元素，兼容性： IE7+</li>\n<li><strong>[attr]</strong>：选择所有设置了attr属性的元素，兼容性IE7+</li>\n<li><strong>[attr=value]</strong>：选择属性值刚好为value的元素</li>\n<li><strong>[attr~=value]</strong>：选择属性值为空白符分隔，其中一个的值刚好是value的元素</li>\n<li><strong>[attr|=value]</strong>：选择属性值刚好为value或者value-开头的元素</li>\n<li><strong>[attr^=value]</strong>：选择属性值以value开头的元素</li>\n<li><strong>[attr$=value]</strong>：选择属性值以value结尾的元素</li>\n<li><strong>[attr*=value]</strong>：选择属性值中包含value的元素</li>\n<li><strong>[:checked]</strong>：选择单选框，复选框，下拉框中选中状态下的元素，兼容性：IE9+</li>\n<li><strong>X:after, X::after</strong>：after伪元素，选择元素虚拟子元素（元素的最后一个子元素），CSS3中::表示伪元素。兼容性:after为IE8+，::after为IE9+</li>\n<li><strong>:hover</strong>：鼠标移入状态的元素，兼容性a标签IE4+， 所有元素IE7+</li>\n<li><strong>:not(selector)</strong>：选择不符合selector的元素。<strong>不参与计算优先级</strong>，兼容性：IE9+</li>\n<li><strong>::first-letter</strong>：伪元素，选择块元素第一行的第一个字母，兼容性IE5.5+</li>\n<li><strong>::first-line</strong>：伪元素，选择块元素的第一行，兼容性IE5.5+</li>\n<li><strong>:nth-child(an + b)</strong>：伪类，选择前面有an + b - 1个兄弟节点的元素，其中n\n&gt;= 0， 兼容性IE9+</li>\n<li><strong>:nth-last-child(an + b)</strong>：伪类，选择后面有an + b - 1个兄弟节点的元素\n其中n &gt;= 0，兼容性IE9+</li>\n<li><strong>X:nth-of-type(an+b)</strong>：伪类，X为选择器，<strong>解析得到元素标签</strong>，选择<strong>前面</strong>有an + b - 1个<strong>相同标签</strong>兄弟节点的元素。兼容性IE9+</li>\n<li><strong>X:nth-last-of-type(an+b)</strong>：伪类，X为选择器，解析得到元素标签，选择<strong>后面</strong>有an+b-1个相同<strong>标签</strong>兄弟节点的元素。兼容性IE9+</li>\n<li><strong>X:first-child</strong>：伪类，选择满足X选择器的元素，且这个元素是其父节点的第一个子元素。兼容性IE7+</li>\n<li><strong>X:last-child</strong>：伪类，选择满足X选择器的元素，且这个元素是其父节点的最后一个子元素。兼容性IE9+</li>\n<li><strong>X:only-child</strong>：伪类，选择满足X选择器的元素，且这个元素是其父元素的唯一子元素。兼容性IE9+</li>\n<li><strong>X:only-of-type</strong>：伪类，选择X选择的元素，<strong>解析得到元素标签</strong>，如果该元素没有相同类型的兄弟节点时选中它。兼容性IE9+</li>\n<li><strong>X:first-of-type</strong>：伪类，选择X选择的元素，<strong>解析得到元素标签</strong>，如果该元素\n是此此类型元素的第一个兄弟。选中它。兼容性IE9+</li>\n</ol>\n",
    "options": []
}