{
    "type": "reply",
    "tag": "css",
    "difficulty": "1",
    "from": "https://github.com/qiu-deqing/fe-interview",
    "description": "<p>css sprite是什么,有什么优缺点</p>\n",
    "answer": "<p>概念：将多个小图片拼接到一个图片中。通过background-position和元素尺寸调节需要显示的背景图案。</p>\n<p>优点：</p>\n<ol>\n<li>减少HTTP请求数，极大地提高页面加载速度</li>\n<li>增加图片信息重复度，提高压缩比，减少图片大小</li>\n<li>更换风格方便，只需在一张或几张图片上修改颜色或样式即可实现</li>\n</ol>\n<p>缺点：</p>\n<ol>\n<li>图片合并麻烦</li>\n<li>维护麻烦，修改一个图片可能需要从新布局整个图片，样式</li>\n</ol>\n",
    "options": []
}