{
    "type": "reply",
    "tag": "css",
    "difficulty": "1",
    "from": "https://github.com/qiu-deqing/fe-interview",
    "description": "IE6浏览器有哪些常见的bug,缺陷或者与标准不一致的地方,如何解决",
    "answer": "- IE6不支持min-height，解决办法使用css hack：\n\n```\n.target {\n    min-height: 100px;\n    height: auto !important;\n    height: 100px;   // IE6下内容高度超过会自动扩展高度\n}\n```\n\n- ``ol``内``li``的序号全为1，不递增。解决方法：为li设置样式``display: list-item;``\n\n- 未定位父元素``overflow: auto;``，包含``position: relative;``子元素，子元素高于父元素时会溢出。解决办法：1）子元素去掉``position: relative;``; 2）不能为子元素去掉定位时，父元素``position: relative;``\n\n```\n<style type=\"text/css\">\n.outer {\n    width: 215px;\n    height: 100px;\n    border: 1px solid red;\n    overflow: auto;\n    position: relative;  /* 修复bug */\n}\n.inner {\n    width: 100px;\n    height: 200px;\n    background-color: purple;\n    position: relative;\n}\n</style>\n\n<div class=\"outer\">\n    <div class=\"inner\"></div>\n</div>\n```\n\n- IE6只支持``a``标签的``:hover``伪类，解决方法：使用js为元素监听mouseenter，mouseleave事件，添加类实现效果：\n\n```\n<style type=\"text/css\">\n.p:hover,\n.hover {\n    background: purple;\n}\n</style>\n\n<p class=\"p\" id=\"target\">aaaa bbbbb<span>DDDDDDDDDDDd</span> aaaa lkjlkjdf j</p>\n\n<script type=\"text/javascript\">\nfunction addClass(elem, cls) {\n    if (elem.className) {\n        elem.className += ' ' + cls;\n    } else {\n        elem.className = cls;\n    }\n}\nfunction removeClass(elem, cls) {\n    var className = ' ' + elem.className + ' ';\n    var reg = new RegExp(' +' + cls + ' +', 'g');\n    elem.className = className.replace(reg, ' ').replace(/^ +| +$/, '');\n}\n\nvar target = document.getElementById('target');\nif (target.attachEvent) {\n    target.attachEvent('onmouseenter', function () {\n        addClass(target, 'hover');\n    });\n    target.attachEvent('onmouseleave', function () {\n        removeClass(target, 'hover');\n    })\n}\n</script>\n```\n\n- IE5-8不支持``opacity``，解决办法：\n\n```\n.opacity {\n    opacity: 0.4\n    filter: alpha(opacity=60); /* for IE5-7 */\n    -ms-filter: \"progid:DXImageTransform.Microsoft.Alpha(Opacity=60)\"; /* for IE 8*/\n}\n```\n\n- IE6在设置``height``小于``font-size``时高度值为``font-size``，解决办法：``font-size: 0;``\n- IE6不支持PNG透明背景，解决办法: **IE6下使用gif图片**\n- IE6-7不支持``display: inline-block``解决办法：设置inline并触发hasLayout\n\n```\n    display: inline-block;\n    *display: inline;\n    *zoom: 1;\n```\n\n- IE6下浮动元素在浮动方向上与父元素边界接触元素的外边距会加倍。解决办法：\n1）使用padding控制间距。\n2）浮动元素``display: inline;``这样解决问题且无任何副作用：css标准规定浮动元素display:inline会自动调整为block\n- 通过为块级元素设置宽度和左右margin为auto时，IE6不能实现水平居中，解决方法：为父元素设置``text-align: center;``",
    "options": []
}