{
    "type": "reply",
    "tag": "css",
    "difficulty": "1",
    "from": "https://github.com/qiu-deqing/fe-interview",
    "description": "<p>CSS有哪些继承属性</p>\n",
    "answer": "<ul>\n<li>关于文字排版的属性如：<ul>\n<li><a href=\"https://developer.mozilla.org/en-US/docs/Web/CSS/font\">font</a></li>\n<li><a href=\"https://developer.mozilla.org/en-US/docs/Web/CSS/word-break\">word-break</a></li>\n<li><a href=\"https://developer.mozilla.org/en-US/docs/Web/CSS/letter-spacing\">letter-spacing</a></li>\n<li><a href=\"https://developer.mozilla.org/en-US/docs/Web/CSS/text-align\">text-align</a></li>\n<li><a href=\"https://developer.mozilla.org/en-US/docs/Web/CSS/text-rendering\">text-rendering</a></li>\n<li><a href=\"https://developer.mozilla.org/en-US/docs/Web/CSS/word-spacing\">word-spacing</a></li>\n<li><a href=\"https://developer.mozilla.org/en-US/docs/Web/CSS/white-space\">white-space</a></li>\n<li><a href=\"https://developer.mozilla.org/en-US/docs/Web/CSS/text-indent\">text-indent</a></li>\n<li><a href=\"https://developer.mozilla.org/en-US/docs/Web/CSS/text-transform\">text-transform</a></li>\n<li><a href=\"https://developer.mozilla.org/en-US/docs/Web/CSS/text-shadow\">text-shadow</a></li>\n</ul>\n</li>\n<li><a href=\"https://developer.mozilla.org/en-US/docs/Web/CSS/line-height\">line-height</a></li>\n<li><a href=\"https://developer.mozilla.org/en-US/docs/Web/CSS/color\">color</a></li>\n<li><a href=\"https://developer.mozilla.org/en-US/docs/Web/CSS/visibility\">visibility</a></li>\n<li><a href=\"https://developer.mozilla.org/en-US/docs/Web/CSS/cursor\">cursor</a></li>\n</ul>\n",
    "options": []
}