{
    "type": "reply",
    "tag": "css",
    "difficulty": "1",
    "from": "https://github.com/hawx1993/front-end-interview-questions",
    "description": "stacking context,布局规则",
    "answer": "z轴上的默认层叠顺序如下（从下到上）：\n\n1. 根元素的边界和背景\n2. 常规流中的元素按照html中顺序\n3. 浮动块\n4. positioned元素按照html中出现顺序\n\n如何创建stacking context：\n\n1. 根元素\n2. z-index不为auto的定位元素\n3. a flex item with a z-index value other than 'auto'\n4. opacity小于1的元素\n5. 在移动端webkit和chrome22+，z-index为auto，position: fixed也将创建新的stacking context",
    "options": []
}