{
    "type": "reply",
    "tag": "css",
    "difficulty": "1",
    "from": "https://github.com/qiu-deqing/fe-interview",
    "description": "<p>IE6浏览器有哪些常见的bug,缺陷或者与标准不一致的地方,如何解决</p>\n",
    "answer": "<ul>\n<li>IE6不支持min-height，解决办法使用css hack：</li>\n</ul>\n<pre><code>.target {\n    min-height: 100px;\n    height: auto !important;\n    height: 100px;   // IE6下内容高度超过会自动扩展高度\n}\n</code></pre><ul>\n<li><p><code>ol</code>内<code>li</code>的序号全为1，不递增。解决方法：为li设置样式<code>display: list-item;</code></p>\n</li>\n<li><p>未定位父元素<code>overflow: auto;</code>，包含<code>position: relative;</code>子元素，子元素高于父元素时会溢出。解决办法：1）子元素去掉<code>position: relative;</code>; 2）不能为子元素去掉定位时，父元素<code>position: relative;</code></p>\n</li>\n</ul>\n<pre><code>&lt;style type=&quot;text/css&quot;&gt;\n.outer {\n    width: 215px;\n    height: 100px;\n    border: 1px solid red;\n    overflow: auto;\n    position: relative;  /* 修复bug */\n}\n.inner {\n    width: 100px;\n    height: 200px;\n    background-color: purple;\n    position: relative;\n}\n&lt;/style&gt;\n\n&lt;div class=&quot;outer&quot;&gt;\n    &lt;div class=&quot;inner&quot;&gt;&lt;/div&gt;\n&lt;/div&gt;\n</code></pre><ul>\n<li>IE6只支持<code>a</code>标签的<code>:hover</code>伪类，解决方法：使用js为元素监听mouseenter，mouseleave事件，添加类实现效果：</li>\n</ul>\n<pre><code>&lt;style type=&quot;text/css&quot;&gt;\n.p:hover,\n.hover {\n    background: purple;\n}\n&lt;/style&gt;\n\n&lt;p class=&quot;p&quot; id=&quot;target&quot;&gt;aaaa bbbbb&lt;span&gt;DDDDDDDDDDDd&lt;/span&gt; aaaa lkjlkjdf j&lt;/p&gt;\n\n&lt;script type=&quot;text/javascript&quot;&gt;\nfunction addClass(elem, cls) {\n    if (elem.className) {\n        elem.className += &#39; &#39; + cls;\n    } else {\n        elem.className = cls;\n    }\n}\nfunction removeClass(elem, cls) {\n    var className = &#39; &#39; + elem.className + &#39; &#39;;\n    var reg = new RegExp(&#39; +&#39; + cls + &#39; +&#39;, &#39;g&#39;);\n    elem.className = className.replace(reg, &#39; &#39;).replace(/^ +| +$/, &#39;&#39;);\n}\n\nvar target = document.getElementById(&#39;target&#39;);\nif (target.attachEvent) {\n    target.attachEvent(&#39;onmouseenter&#39;, function () {\n        addClass(target, &#39;hover&#39;);\n    });\n    target.attachEvent(&#39;onmouseleave&#39;, function () {\n        removeClass(target, &#39;hover&#39;);\n    })\n}\n&lt;/script&gt;\n</code></pre><ul>\n<li>IE5-8不支持<code>opacity</code>，解决办法：</li>\n</ul>\n<pre><code>.opacity {\n    opacity: 0.4\n    filter: alpha(opacity=60); /* for IE5-7 */\n    -ms-filter: &quot;progid:DXImageTransform.Microsoft.Alpha(Opacity=60)&quot;; /* for IE 8*/\n}\n</code></pre><ul>\n<li>IE6在设置<code>height</code>小于<code>font-size</code>时高度值为<code>font-size</code>，解决办法：<code>font-size: 0;</code></li>\n<li>IE6不支持PNG透明背景，解决办法: <strong>IE6下使用gif图片</strong></li>\n<li>IE6-7不支持<code>display: inline-block</code>解决办法：设置inline并触发hasLayout</li>\n</ul>\n<pre><code>    display: inline-block;\n    *display: inline;\n    *zoom: 1;\n</code></pre><ul>\n<li>IE6下浮动元素在浮动方向上与父元素边界接触元素的外边距会加倍。解决办法：\n1）使用padding控制间距。\n2）浮动元素<code>display: inline;</code>这样解决问题且无任何副作用：css标准规定浮动元素display:inline会自动调整为block</li>\n<li>通过为块级元素设置宽度和左右margin为auto时，IE6不能实现水平居中，解决方法：为父元素设置<code>text-align: center;</code></li>\n</ul>\n",
    "options": []
}