{
    "type": "reply",
    "tag": "css",
    "difficulty": "1",
    "from": "https://github.com/qiu-deqing/fe-interview",
    "description": "<p><code>display: block;</code>和<code>display: inline;</code>的区别</p>\n",
    "answer": "<p><code>block</code>元素特点：</p>\n<p>1.处于常规流中时，如果<code>width</code>没有设置，会自动填充满父容器\n2.可以应用<code>margin/padding</code>\n3.在没有设置高度的情况下会扩展高度以包含常规流中的子元素\n4.处于常规流中时布局时在前后元素位置之间（独占一个水平空间）\n5.忽略<code>vertical-align</code></p>\n<p><code>inline</code>元素特点</p>\n<p>1.水平方向上根据<code>direction</code>依次布局\n2.不会在元素前后进行换行\n3.受<code>white-space</code>控制\n4.<code>margin/padding</code>在竖直方向上无效，水平方向上有效\n5.<code>width/height</code>属性对非替换行内元素无效，宽度由元素内容决定\n6.非替换行内元素的行框高由<code>line-height</code>确定，替换行内元素的行框高由<code>height</code>,<code>margin</code>,<code>padding</code>,<code>border</code>决定\n6.浮动或绝对定位时会转换为<code>block</code>\n7.<code>vertical-align</code>属性生效</p>\n",
    "options": []
}