{
    "type": "reply",
    "tag": "css",
    "difficulty": "1",
    "from": "https://github.com/qiu-deqing/fe-interview",
    "description": "容器包含若干浮动元素时如何清理(包含)浮动",
    "answer": "1. 容器元素闭合标签前添加额外元素并设置``clear: both``\n2. 父元素触发块级格式化上下文(见块级可视化上下文部分)\n3. 设置容器元素伪元素进行清理[推荐的清理浮动方法](http://nicolasgallagher.com/micro-clearfix-hack/)\n\n```\n/**\n* 在标准浏览器下使用\n* 1 content内容为空格用于修复opera下文档中出现\n*   contenteditable属性时在清理浮动元素上下的空白\n* 2 使用display使用table而不是block：可以防止容器和\n*   子元素top-margin折叠,这样能使清理效果与BFC，IE6/7\n*   zoom: 1;一致\n**/\n\n.clearfix:before,\n.clearfix:after {\n    content: \" \"; /* 1 */\n    display: table; /* 2 */\n}\n\n.clearfix:after {\n    clear: both;\n}\n\n/**\n* IE 6/7下使用\n* 通过触发hasLayout实现包含浮动\n**/\n.clearfix {\n    *zoom: 1;\n}\n```",
    "options": []
}