{
    "type": "reply",
    "tag": "css",
    "difficulty": "1",
    "from": "https",
    "description": "css sprite是什么,有什么优缺点",
    "answer": "概念：将多个小图片拼接到一个图片中。通过background-position和元素尺寸调节需要显示的背景图案。\n\n优点：\n\n1. 减少HTTP请求数，极大地提高页面加载速度\n2. 增加图片信息重复度，提高压缩比，减少图片大小\n3. 更换风格方便，只需在一张或几张图片上修改颜色或样式即可实现\n\n缺点：\n\n1. 图片合并麻烦\n2. 维护麻烦，修改一个图片可能需要从新布局整个图片，样式",
    "options": []
}