{
    "type": "reply",
    "tag": "css",
    "difficulty": "1",
    "from": "https://github.com/hawx1993/front-end-interview-questions",
    "description": "CSS选择器有哪些",
    "answer": "1. ***通用选择器**：选择所有元素，**不参与计算优先级**，兼容性IE6+\n2. **#X id选择器**：选择id值为X的元素，兼容性：IE6+\n3. **.X 类选择器**： 选择class包含X的元素，兼容性：IE6+\n4. **X Y后代选择器**： 选择满足X选择器的后代节点中满足Y选择器的元素，兼容性：IE6+\n5. **X 元素选择器**： 选择标所有签为X的元素，兼容性：IE6+\n6. **:link，：visited，：focus，：hover，：active链接状态**： 选择特定状态的链接元素，顺序LoVe HAte，兼容性: IE4+\n7. **X + Y直接兄弟选择器**：在**X之后第一个兄弟节点**中选择满足Y选择器的元素，兼容性： IE7+\n8. **X > Y子选择器**： 选择X的子元素中满足Y选择器的元素，兼容性： IE7+\n9. **X ~ Y兄弟**： 选择**X之后所有兄弟节点**中满足Y选择器的元素，兼容性： IE7+\n10. **[attr]**：选择所有设置了attr属性的元素，兼容性IE7+\n11. **[attr=value]**：选择属性值刚好为value的元素\n12. **[attr~=value]**：选择属性值为空白符分隔，其中一个的值刚好是value的元素\n13. **[attr|=value]**：选择属性值刚好为value或者value-开头的元素\n14. **[attr^=value]**：选择属性值以value开头的元素\n15. **[attr$=value]**：选择属性值以value结尾的元素\n16. **[attr*=value]**：选择属性值中包含value的元素\n17. **[:checked]**：选择单选框，复选框，下拉框中选中状态下的元素，兼容性：IE9+\n18. **X:after, X::after**：after伪元素，选择元素虚拟子元素（元素的最后一个子元素），CSS3中::表示伪元素。兼容性:after为IE8+，::after为IE9+\n18. **:hover**：鼠标移入状态的元素，兼容性a标签IE4+， 所有元素IE7+\n19. **:not(selector)**：选择不符合selector的元素。**不参与计算优先级**，兼容性：IE9+\n20. **::first-letter**：伪元素，选择块元素第一行的第一个字母，兼容性IE5.5+\n21. **::first-line**：伪元素，选择块元素的第一行，兼容性IE5.5+\n22. **:nth-child(an + b)**：伪类，选择前面有an + b - 1个兄弟节点的元素，其中n\n&gt;= 0， 兼容性IE9+\n23. **:nth-last-child(an + b)**：伪类，选择后面有an + b - 1个兄弟节点的元素\n其中n &gt;= 0，兼容性IE9+\n24. **X:nth-of-type(an+b)**：伪类，X为选择器，**解析得到元素标签**，选择**前面**有an + b - 1个**相同标签**兄弟节点的元素。兼容性IE9+\n25. **X:nth-last-of-type(an+b)**：伪类，X为选择器，解析得到元素标签，选择**后面**有an+b-1个相同**标签**兄弟节点的元素。兼容性IE9+\n26. **X:first-child**：伪类，选择满足X选择器的元素，且这个元素是其父节点的第一个子元素。兼容性IE7+\n27. **X:last-child**：伪类，选择满足X选择器的元素，且这个元素是其父节点的最后一个子元素。兼容性IE9+\n28. **X:only-child**：伪类，选择满足X选择器的元素，且这个元素是其父元素的唯一子元素。兼容性IE9+\n29. **X:only-of-type**：伪类，选择X选择的元素，**解析得到元素标签**，如果该元素没有相同类型的兄弟节点时选中它。兼容性IE9+\n30. **X:first-of-type**：伪类，选择X选择的元素，**解析得到元素标签**，如果该元素\n是此此类型元素的第一个兄弟。选中它。兼容性IE9+",
    "options": []
}