{
    "type": "reply",
    "tag": "css",
    "difficulty": "1",
    "from": "https://github.com/qiu-deqing/fe-interview",
    "description": "<p>如何水平居中一个元素</p>\n",
    "answer": "<ul>\n<li>如果需要居中的元素为<strong>常规流中inline元素</strong>，为父元素设置<code>text-align: center;</code>即可实现</li>\n<li>如果需要居中的元素为<strong>常规流中block元素</strong>，1）为元素设置宽度，2）设置左右margin为auto。3）IE6下需在父元素上设置<code>text-align: center;</code>,再给子元素恢复需要的值</li>\n</ul>\n<pre><code>&lt;body&gt;\n    &lt;div class=&quot;content&quot;&gt;\n    aaaaaa aaaaaa a a a a a a a a\n    &lt;/div&gt;\n&lt;/body&gt;\n\n&lt;style&gt;\n    body {\n        background: #DDD;\n        text-align: center; /* 3 */\n    }\n    .content {\n        width: 500px;      /* 1 */\n        text-align: left;  /* 3 */\n        margin: 0 auto;    /* 2 */\n\n        background: purple;\n    }\n&lt;/style&gt;\n</code></pre><ul>\n<li>如果需要居中的元素为<strong>浮动元素</strong>，1）为元素设置宽度，2）<code>position: relative;</code>，3）浮动方向偏移量（left或者right）设置为50%，4）浮动方向上的margin设置为元素宽度一半乘以-1</li>\n</ul>\n<pre><code>&lt;body&gt;\n    &lt;div class=&quot;content&quot;&gt;\n    aaaaaa aaaaaa a a a a a a a a\n    &lt;/div&gt;\n&lt;/body&gt;\n\n&lt;style&gt;\n    body {\n        background: #DDD;\n    }\n    .content {\n        width: 500px;         /* 1 */\n        float: left;\n\n        position: relative;   /* 2 */\n        left: 50%;            /* 3 */\n        margin-left: -250px;  /* 4 */\n\n        background-color: purple;\n    }\n&lt;/style&gt;\n</code></pre><ul>\n<li>如果需要居中的元素为<strong>绝对定位元素</strong>，1）为元素设置宽度，2）偏移量设置为50%，3）偏移方向外边距设置为元素宽度一半乘以-1</li>\n</ul>\n<pre><code>&lt;body&gt;\n    &lt;div class=&quot;content&quot;&gt;\n    aaaaaa aaaaaa a a a a a a a a\n    &lt;/div&gt;\n&lt;/body&gt;\n\n&lt;style&gt;\n    body {\n        background: #DDD;\n        position: relative;\n    }\n    .content {\n        width: 800px;\n\n        position: absolute;\n        left: 50%;\n        margin-left: -400px;\n\n        background-color: purple;\n    }\n&lt;/style&gt;\n</code></pre><ul>\n<li>如果需要居中的元素为<strong>绝对定位元素</strong>，1）为元素设置宽度，2）设置左右偏移量都为0,3）设置左右外边距都为auto</li>\n</ul>\n<pre><code>&lt;body&gt;\n    &lt;div class=&quot;content&quot;&gt;\n    aaaaaa aaaaaa a a a a a a a a\n    &lt;/div&gt;\n&lt;/body&gt;\n\n&lt;style&gt;\n    body {\n        background: #DDD;\n        position: relative;\n    }\n    .content {\n        width: 800px;\n\n        position: absolute;\n        margin: 0 auto;\n        left: 0;\n        right: 0;\n\n        background-color: purple;\n    }\n&lt;/style&gt;\n</code></pre>",
    "options": []
}