{
    "type": "reply",
    "tag": "css",
    "difficulty": "1",
    "from": "https://github.com/hawx1993/front-end-interview-questions",
    "description": "如何水平居中一个元素",
    "answer": "- 如果需要居中的元素为**常规流中inline元素**，为父元素设置`text-align: center;`即可实现\n- 如果需要居中的元素为**常规流中block元素**，1）为元素设置宽度，2）设置左右margin为auto。3）IE6下需在父元素上设置`text-align: center;`,再给子元素恢复需要的值\n\n```\n<body>\n    <div class=\"content\">\n    aaaaaa aaaaaa a a a a a a a a\n    </div>\n</body>\n\n<style>\n    body {\n        background: #DDD;\n        text-align: center; /* 3 */\n    }\n    .content {\n        width: 500px;      /* 1 */\n        text-align: left;  /* 3 */\n        margin: 0 auto;    /* 2 */\n\n        background: purple;\n    }\n</style>\n```\n\n- 如果需要居中的元素为**浮动元素**，1）为元素设置宽度，2）`position: relative;`，3）浮动方向偏移量（left或者right）设置为50%，4）浮动方向上的margin设置为元素宽度一半乘以-1\n\n```\n<body>\n    <div class=\"content\">\n    aaaaaa aaaaaa a a a a a a a a\n    </div>\n</body>\n\n<style>\n    body {\n        background: #DDD;\n    }\n    .content {\n        width: 500px;         /* 1 */\n        float: left;\n\n        position: relative;   /* 2 */\n        left: 50%;            /* 3 */\n        margin-left: -250px;  /* 4 */\n\n        background-color: purple;\n    }\n</style>\n```\n\n- 如果需要居中的元素为**绝对定位元素**，1）为元素设置宽度，2）偏移量设置为50%，3）偏移方向外边距设置为元素宽度一半乘以-1\n\n```\n<body>\n    <div class=\"content\">\n    aaaaaa aaaaaa a a a a a a a a\n    </div>\n</body>\n\n<style>\n    body {\n        background: #DDD;\n        position: relative;\n    }\n    .content {\n        width: 800px;\n\n        position: absolute;\n        left: 50%;\n        margin-left: -400px;\n\n        background-color: purple;\n    }\n</style>\n```\n\n- 如果需要居中的元素为**绝对定位元素**，1）为元素设置宽度，2）设置左右偏移量都为0,3）设置左右外边距都为auto\n\n```\n<body>\n    <div class=\"content\">\n    aaaaaa aaaaaa a a a a a a a a\n    </div>\n</body>\n\n<style>\n    body {\n        background: #DDD;\n        position: relative;\n    }\n    .content {\n        width: 800px;\n\n        position: absolute;\n        margin: 0 auto;\n        left: 0;\n        right: 0;\n\n        background-color: purple;\n    }\n</style>\n```",
    "options": []
}