{
    "type": "reply",
    "tag": "css",
    "difficulty": "1",
    "from": "https",
    "description": "`link`与`@import`的区别",
    "answer": "1. ``link``是HTML方式， ``@import``是CSS方式\n2. ``link``最大限度支持并行下载，``@import``过多嵌套导致串行下载，出现[FOUC](http://www.bluerobot.com/web/css/fouc.asp/)\n4. ``link``可以通过``rel=\"alternate stylesheet\"``指定候选样式\n5. 浏览器对``link``支持早于``@import``，可以使用``@import``对老浏览器隐藏样式\n6. ``@import``必须在样式规则之前，可以在css文件中引用其他文件\n6. 总体来说：**[link优于@import](http://www.stevesouders.com/blog/2009/04/09/dont-use-import/)**",
    "options": []
}