{
    "type": "reply",
    "tag": "css",
    "difficulty": "1",
    "from": "https://github.com/qiu-deqing/fe-interview",
    "description": "<p>如何竖直居中一个元素</p>\n",
    "answer": "<p>参考资料：<a href=\"http://www.vanseodesign.com/css/vertical-centering/\">6 Methods For Vertical Centering With CSS</a>。 <a href=\"http://blog.csdn.net/freshlover/article/details/11579669\">盘点8种CSS实现垂直居中</a></p>\n<ul>\n<li>需要居中元素为<strong>单行文本</strong>，为包含文本的元素设置大于<code>font-size</code>的<code>line-height</code>：</li>\n</ul>\n<pre><code>&lt;p class=&quot;text&quot;&gt;center text&lt;/p&gt;\n\n&lt;style&gt;\n.text {\n    line-height: 200px;\n}\n&lt;/style&gt;\n</code></pre>",
    "options": []
}