{
    "type": "reply",
    "tag": "javascript",
    "difficulty": "1",
    "from": "https://github.com/qiu-deqing/fe-interview",
    "description": "<p>DOM事件模型是如何的,编写一个EventUtil工具类实现事件管理兼容</p>\n",
    "answer": "<ul>\n<li>DOM事件包含捕获（capture）和冒泡（bubble）两个阶段：捕获阶段事件从window开始触发事件然后通过祖先节点一次传递到触发事件的DOM元素上；冒泡阶段事件从初始元素依次向祖先节点传递直到window</li>\n<li>标准事件监听elem.addEventListener(type, handler, capture)/elem.removeEventListener(type, handler, capture)：handler接收保存事件信息的event对象作为参数，event.target为触发事件的对象，handler调用上下文this为绑定监听器的对象，event.preventDefault()取消事件默认行为，event.stopPropagation()/event.stopImmediatePropagation()取消事件传递</li>\n<li>老版本IE事件监听elem.attachEvent(&#39;on&#39;+type, handler)/elem.detachEvent(&#39;on&#39;+type, handler)：handler不接收event作为参数，事件信息保存在window.event中，触发事件的对象为event.srcElement，handler执行上下文this为window使用闭包中调用handler.call(elem, event)可模仿标准模型，然后返回闭包，保证了监听器的移除。event.returnValue为false时取消事件默认行为，event.cancleBubble为true时取消时间传播</li>\n<li>通常利用事件冒泡机制托管事件处理程序提高程序性能。</li>\n</ul>\n<pre><code>/**\n * 跨浏览器事件处理工具。只支持冒泡。不支持捕获\n * @author  (qiu_deqing@126.com)\n */\n\nvar EventUtil = {\n    getEvent: function (event) {\n        return event || window.event;\n    },\n    getTarget: function (event) {\n        return event.target || event.srcElement;\n    },\n    // 返回注册成功的监听器，IE中需要使用返回值来移除监听器\n    on: function (elem, type, handler) {\n        if (elem.addEventListener) {\n            elem.addEventListener(type, handler, false);\n            return handler;\n        } else if (elem.attachEvent) {\n            var wrapper = function () {\n              var event = window.event;\n              event.target = event.srcElement;\n              handler.call(elem, event);\n            };\n            elem.attachEvent(&#39;on&#39; + type, wrapper);\n            return wrapper;\n        }\n    },\n    off: function (elem, type, handler) {\n        if (elem.removeEventListener) {\n            elem.removeEventListener(type, handler, false);\n        } else if (elem.detachEvent) {\n            elem.detachEvent(&#39;on&#39; + type, handler);\n        }\n    },\n    preventDefault: function (event) {\n        if (event.preventDefault) {\n            event.preventDefault();\n        } else if (&#39;returnValue&#39; in event) {\n            event.returnValue = false;\n        }\n    },\n    stopPropagation: function (event) {\n        if (event.stopPropagation) {\n            event.stopPropagation();\n        } else if (&#39;cancelBubble&#39; in event) {\n            event.cancelBubble = true;\n        }\n    },\n    /**\n     * keypress事件跨浏览器获取输入字符\n     * 某些浏览器在一些特殊键上也触发keypress，此时返回null\n     **/\n     getChar: function (event) {\n        if (event.which == null) {\n            return String.fromCharCode(event.keyCode);  // IE\n        }\n        else if (event.which != 0 &amp;&amp; event.charCode != 0) {\n            return String.fromCharCode(event.which);    // the rest\n        }\n        else {\n            return null;    // special key\n        }\n     }\n};\n</code></pre>",
    "options": []
}