{
    "type": "reply",
    "tag": "javascript",
    "difficulty": "1",
    "from": "https",
    "description": "javascript有哪几种方法定义函数",
    "answer": "1. [函数声明表达式](https://developer.mozilla.org/en-US/docs/Web/JavaScript/Reference/Statements/function)\n2. [function操作符](https://developer.mozilla.org/en-US/docs/Web/JavaScript/Reference/Operators/function)\n3. [Function 构造函数](https://developer.mozilla.org/en-US/docs/Web/JavaScript/Reference/Global_Objects/Function)\n4. [ES6:arrow function](https://developer.mozilla.org/en-US/docs/Web/JavaScript/Reference/arrow_functions)\n\n重要参考资料：[MDN:Functions_and_function_scope](https://developer.mozilla.org/en-US/docs/Web/JavaScript/Reference/Functions_and_function_scope)",
    "options": []
}