{
    "type": "reply",
    "tag": "javascript",
    "difficulty": "1",
    "from": "https://github.com/qiu-deqing/fe-interview",
    "description": "<p>sessionStorage,localStorage,cookie区别</p>\n",
    "answer": "<ol>\n<li>都会在浏览器端保存，有大小限制，同源限制</li>\n<li>cookie会在请求时发送到服务器，作为会话标识，服务器可修改cookie；web storage不会发送到服务器</li>\n<li>cookie有path概念，子路径可以访问父路径cookie，父路径不能访问子路径cookie</li>\n<li>有效期：cookie在设置的有效期内有效，默认为浏览器关闭；sessionStorage在窗口关闭前有效，localStorage长期有效，直到用户删除</li>\n<li>共享：sessionStorage不能共享，localStorage在同源文档之间共享，cookie在同源且符合path规则的文档之间共享</li>\n<li>localStorage的修改会促发其他文档窗口的update事件</li>\n<li>cookie有secure属性要求HTTPS传输</li>\n<li>浏览器不能保存超过300个cookie，单个服务器不能超过20个，每个cookie不能超过4k。web storage大小支持能达到5M</li>\n</ol>\n",
    "options": []
}