{
    "type": "reply",
    "tag": "javascript",
    "difficulty": "1",
    "from": "https://github.com/qiu-deqing/fe-interview",
    "description": "<p>XMLHttpRequest通用属性和方法</p>\n",
    "answer": "<ol>\n<li><code>readyState</code>:表示请求状态的整数，取值：<ul>\n<li>UNSENT（0）：对象已创建</li>\n<li>OPENED（1）：open()成功调用，在这个状态下，可以为xhr设置请求头，或者使用send()发送请求</li>\n<li>HEADERS_RECEIVED(2)：所有重定向已经自动完成访问，并且最终响应的HTTP头已经收到</li>\n<li>LOADING(3)：响应体正在接收</li>\n<li>DONE(4)：数据传输完成或者传输产生错误</li>\n</ul>\n</li>\n<li><code>onreadystatechange</code>：readyState改变时调用的函数</li>\n<li><code>status</code>：服务器返回的HTTP状态码（如，200， 404）</li>\n<li><code>statusText</code>:服务器返回的HTTP状态信息（如，OK，No Content）</li>\n<li><code>responseText</code>:作为字符串形式的来自服务器的完整响应</li>\n<li><code>responseXML</code>: Document对象，表示服务器的响应解析成的XML文档</li>\n<li><code>abort()</code>:取消异步HTTP请求</li>\n<li><code>getAllResponseHeaders()</code>: 返回一个字符串，包含响应中服务器发送的全部HTTP报头。每个报头都是一个用冒号分隔开的名/值对，并且使用一个回车/换行来分隔报头行</li>\n<li><code>getResponseHeader(headerName)</code>:返回headName对应的报头值</li>\n<li><code>open(method, url, asynchronous [, user, password])</code>:初始化准备发送到服务器上的请求。method是HTTP方法，不区分大小写；url是请求发送的相对或绝对URL；asynchronous表示请求是否异步；user和password提供身份验证</li>\n<li><code>setRequestHeader(name, value)</code>:设置HTTP报头</li>\n<li><code>send(body)</code>:对服务器请求进行初始化。参数body包含请求的主体部分，对于POST请求为键值对字符串；对于GET请求，为null</li>\n</ol>\n",
    "options": []
}