{
    "type": "reply",
    "tag": "javascript",
    "difficulty": "1",
    "from": "https://github.com/qiu-deqing/fe-interview",
    "description": "<p>对象到数字的转换步骤</p>\n",
    "answer": "<ol>\n<li>如果对象有valueOf()方法并且返回元素值，javascript将返回值转换为数字作为结果<ol>\n<li>否则，如果对象有toString()并且返回原始值，javascript将返回结果转换为数字作为结果</li>\n<li>否则，throws a TypeError</li>\n</ol>\n</li>\n</ol>\n",
    "options": []
}