{
    "type": "reply",
    "tag": "javascript",
    "difficulty": "1",
    "from": "https://github.com/qiu-deqing/fe-interview",
    "description": "<p>focus/blur与focusin/focusout的区别与联系</p>\n",
    "answer": "<ol>\n<li>focus/blur不冒泡，focusin/focusout冒泡</li>\n<li>focus/blur兼容性好，focusin/focusout在除FireFox外的浏览器下都保持良好兼容性，如需使用事件托管，可考虑在FireFox下使用事件捕获elem.addEventListener(&#39;focus&#39;, handler, true)</li>\n<li>可获得焦点的元素：<ol>\n<li>window</li>\n<li>链接被点击或键盘操作</li>\n<li>表单空间被点击或键盘操作</li>\n<li>设置<code>tabindex</code>属性的元素被点击或键盘操作</li>\n</ol>\n</li>\n</ol>\n",
    "options": []
}