{
    "type": "reply",
    "tag": "javascript",
    "difficulty": "1",
    "from": "https://github.com/qiu-deqing/fe-interview",
    "description": "<p>下面这段代码想要循环延时输出结果0 1 2 3 4,请问输出结果是否正确,如果不正确,请说明为什么,并修改循环内的代码使其输出正确结果</p>\n",
    "answer": "<pre><code>for (var i = 0; i &lt; 5; ++i) {\n  setTimeout(function () {\n    console.log(i + &#39; &#39;);\n  }, 100);\n}\n</code></pre><p>不能输出正确结果，因为循环中setTimeout接受的参数函数通过闭包访问变量i。javascript运行环境为单线程，setTimeout注册的函数需要等待线程空闲才能执行，此时for循环已经结束，i值为5.五个定时输出都是5\n修改方法：将setTimeout放在函数立即调用表达式中，将i值作为参数传递给包裹函数，创建新闭包</p>\n<pre><code>for (var i = 0; i &lt; 5; ++i) {\n  (function (i) {\n    setTimeout(function () {\n      console.log(i + &#39; &#39;);\n    }, 100);\n  }(i));\n}\n</code></pre>",
    "options": []
}