{
    "type": "reply",
    "tag": "javascript",
    "difficulty": "1",
    "from": "https://github.com/hawx1993/front-end-interview-questions",
    "description": "===运算符判断相等的流程是怎样的",
    "answer": "1. 如果两个值不是相同类型，它们不相等\n2. 如果两个值都是null或者都是undefined，它们相等\n3. 如果两个值都是布尔类型true或者都是false，它们相等\n4. 如果其中有一个是**NaN**，它们不相等\n5. 如果都是数值型并且数值相等，他们相等， -0等于0\n6. 如果他们都是字符串并且在相同位置包含相同的16位值，他它们相等；如果在长度或者内容上不等，它们不相等；两个字符串显示结果相同但是编码不同==和===都认为他们不相等\n7. 如果他们指向相同对象、数组、函数，它们相等；如果指向不同对象，他们不相等",
    "options": []
}