{
    "type": "reply",
    "tag": "javascript",
    "difficulty": "1",
    "from": "https://github.com/hawx1993/front-end-interview-questions",
    "description": "offsetWidth/offsetHeight,clientWidth/clientHeight与scrollWidth/scrollHeight的区别",
    "answer": "- offsetWidth/offsetHeight返回值包含**content + padding + border**，效果与e.getBoundingClientRect()相同\n- clientWidth/clientHeight返回值只包含**content + padding**，如果有滚动条，也**不包含滚动条**\n- scrollWidth/scrollHeight返回值包含**content + padding + 溢出内容的尺寸**\n\n[Measuring Element Dimension and Location with CSSOM in Windows Internet Explorer 9](http://msdn.microsoft.com/en-us/library/ie/hh781509(v=vs.85).aspx)\n\n![元素尺寸](img/element-size.png)",
    "options": []
}