{
    "type": "reply",
    "tag": "javascript",
    "difficulty": "1",
    "from": "https://github.com/qiu-deqing/fe-interview",
    "description": "<p>以下函数的作用是?空白区域应该填写什么</p>\n",
    "answer": "<pre><code>// define\n(function (window) {\n    function fn(str) {\n        this.str = str;\n    }\n\n    fn.prototype.format = function () {\n        var arg = __1__;\n        return this.str.replace(__2__, function (a, b) {\n            return arg[b] || &#39;&#39;;\n        });\n    };\n\n    window.fn = fn;\n})(window);\n\n// use\n(function () {\n    var t = new fn(&#39;&lt;p&gt;&lt;a href=&quot;{0}&quot;&gt;{1}&lt;/a&gt;&lt;span&gt;{2}&lt;/span&gt;&lt;/p&gt;&#39;);\n    console.log(t.format(&#39;http://www.alibaba.com&#39;, &#39;Alibaba&#39;, &#39;Welcome&#39;));\n})();\n</code></pre><p>define部分定义一个简单的模板类，使用{}作为转义标记，中间的数字表示替换目标，format实参用来替换模板内标记\n横线处填：</p>\n<ol>\n<li><code>Array.prototype.slice.call(arguments, 0)</code></li>\n<li><code>/\\{\\s*(\\d+)\\s*\\}/g</code></li>\n</ol>\n",
    "options": []
}