{
    "type": "reply",
    "tag": "javascript",
    "difficulty": "1",
    "from": "https://github.com/qiu-deqing/fe-interview",
    "description": "<p>补充代码,鼠标单击Button1后将Button1移动到Button2的后面</p>\n",
    "answer": "<p>&lt;!doctype html&gt;\n    <html>\n    <head>\n        <meta charset=\"utf-8\">\n        <title>TEst</title>\n    </head>\n    <body></p>\n<pre><code>&lt;div&gt;\n   &lt;input type=&quot;button&quot; id =&quot;button1&quot; value=&quot;1&quot; /&gt;\n   &lt;input type=&quot;button&quot; id =&quot;button2&quot; value=&quot;2&quot; /&gt;\n&lt;/div&gt;\n\n&lt;script type=&quot;text/javascript&quot;&gt;\n    var btn1 = document.getElementById(&#39;button1&#39;);\n    var btn2 = document.getElementById(&#39;button2&#39;);\n\n    addListener(btn1, &#39;click&#39;, function (event) {\n        btn1.parentNode.insertBefore(btn2, btn1);\n    });\n\n    function addListener(elem, type, handler) {\n        if (elem.addEventListener) {\n            elem.addEventListener(type, handler, false);\n            return handler;\n        } else if (elem.attachEvent) {\n            function wrapper() {\n                var event = window.event;\n                event.target = event.srcElement;\n                handler.call(elem, event);\n            }\n            elem.attachEvent(&#39;on&#39; + type, wrapper);\n            return wrapper;\n        }\n    }\n\n&lt;/script&gt;\n&lt;/body&gt;\n&lt;/html&gt;\n</code></pre>",
    "options": []
}