{
    "type": "reply",
    "tag": "javascript",
    "difficulty": "1",
    "from": "https://github.com/qiu-deqing/fe-interview",
    "description": "<p>如何判断一个对象是否为函数</p>\n",
    "answer": "<pre><code>/**\n * 判断对象是否为函数，如果当前运行环境对可调用对象（如正则表达式）\n * 的typeof返回&#39;function&#39;，采用通用方法，否则采用优化方法\n *\n * @param {Any} arg 需要检测是否为函数的对象\n * @return {boolean} 如果参数是函数，返回true，否则false\n */\nfunction isFunction(arg) {\n    if (arg) {\n        if (typeof (/./) !== &#39;function&#39;) {\n            return typeof arg === &#39;function&#39;;\n        } else {\n            return Object.prototype.toString.call(arg) === &#39;[object Function]&#39;;\n        }\n    } // end if\n    return false;\n}\n</code></pre>",
    "options": []
}