{
    "type": "reply",
    "tag": "javascript",
    "difficulty": "1",
    "from": "https://github.com/qiu-deqing/fe-interview",
    "description": "<p>客户端存储localStorage和sessionStorage</p>\n",
    "answer": "<ul>\n<li>localStorage有效期为永久，sessionStorage有效期为顶层窗口关闭前</li>\n<li>同源文档可以读取并修改localStorage数据，sessionStorage只允许同一个窗口下的文档访问，如通过iframe引入的同源文档。</li>\n<li>Storage对象通常被当做普通javascript对象使用：<strong>通过设置属性来存取字符串值</strong>，也可以通过<strong>setItem(key, value)设置</strong>，<strong>getItem(key)读取</strong>，<strong>removeItem(key)删除</strong>，<strong>clear()删除所有数据</strong>，<strong>length表示已存储的数据项数目</strong>，<strong>key(index)返回对应索引的key</strong></li>\n</ul>\n<pre><code>localStorage.setItem(&#39;x&#39;, 1); // storge x-&gt;1\nlocalStorage.getItem(&#39;x); // return value of x\n\n// 枚举所有存储的键值对\nfor (var i = 0, len = localStorage.length; i &lt; len; ++i ) {\n    var name = localStorage.key(i);\n    var value = localStorage.getItem(name);\n}\n\nlocalStorage.removeItem(&#39;x&#39;); // remove x\nlocalStorage.clear();  // remove all data\n</code></pre>",
    "options": []
}