{
    "type": "reply",
    "tag": "javascript",
    "difficulty": "1",
    "from": "https://github.com/qiu-deqing/fe-interview",
    "description": "<p>DOM元素e的e.getAttribute(propName)和e.propName有什么区别和联系</p>\n",
    "answer": "<ul>\n<li>e.getAttribute()，是标准DOM操作文档元素属性的方法，具有通用性可在任意文档上使用，返回元素在源文件中<strong>设置的属性</strong></li>\n<li>e.propName通常是在HTML文档中访问特定元素的<strong>特性</strong>，浏览器解析元素后生成对应对象（如a标签生成HTMLAnchorElement），这些对象的特性会根据特定规则结合属性设置得到，对于没有对应特性的属性，只能使用getAttribute进行访问</li>\n<li>e.getAttribute()返回值是源文件中设置的值，类型是字符串或者null（有的实现返回&quot;&quot;）</li>\n<li>e.propName返回值可能是字符串、布尔值、对象、undefined等</li>\n<li>大部分attribute与property是一一对应关系，修改其中一个会影响另一个，如id，title等属性</li>\n<li>一些布尔属性<code>&lt;input hidden/&gt;</code>的检测设置需要hasAttribute和removeAttribute来完成，或者设置对应property</li>\n<li>像<code>&lt;a href=&quot;../index.html&quot;&gt;link&lt;/a&gt;</code>中href属性，转换成property的时候需要通过转换得到完整URL</li>\n<li>一些attribute和property不是一一对应如：form控件中<code>&lt;input value=&quot;hello&quot;/&gt;</code>对应的是defaultValue，修改或设置value property修改的是控件当前值，setAttribute修改value属性不会改变value property</li>\n</ul>\n",
    "options": []
}