{
    "type": "reply",
    "tag": "javascript",
    "difficulty": "1",
    "from": "https://github.com/qiu-deqing/fe-interview",
    "description": "<p>&lt;,&gt;,&lt;=,&gt;=的比较规则</p>\n",
    "answer": "<p>所有比较运算符都支持任意类型，但是<strong>比较只支持数字和字符串</strong>，所以需要执行必要的转换然后进行比较，转换规则如下:</p>\n<ol>\n<li>如果操作数是对象，转换为原始值：如果valueOf方法返回原始值，则使用这个值，否则使用toString方法的结果，如果转换失败则报错</li>\n<li>经过必要的对象到原始值的转换后，如果两个操作数都是字符串，按照字母顺序进行比较（他们的16位unicode值的大小）</li>\n<li>否则，如果有一个操作数不是字符串，<strong>将两个操作数转换为数字</strong>进行比较</li>\n</ol>\n",
    "options": []
}