{
    "type": "reply",
    "tag": "javascript",
    "difficulty": "1",
    "from": "https://github.com/qiu-deqing/fe-interview",
    "description": "<p>cookie及其操作</p>\n",
    "answer": "<ul>\n<li>cookie是web浏览器存储的少量数据，最早设计为服务器端使用，作为HTTP协议的扩展实现。cookie数据会自动在浏览器和服务器之间传输。</li>\n<li>通过读写cookie检测是否支持</li>\n<li>cookie属性有<strong>名</strong>，<strong>值</strong>，<strong>max-age</strong>，<strong>path</strong>, <strong>domain</strong>，<strong>secure</strong>；</li>\n<li>cookie默认有效期为浏览器会话，一旦用户关闭浏览器，数据就丢失，通过设置<strong>max-age=seconds</strong>属性告诉浏览器cookie有效期</li>\n<li>cookie作用域通过<strong>文档源</strong>和<strong>文档路径</strong>来确定，通过<strong>path</strong>和<strong>domain</strong>进行配置，web页面同目录或子目录文档都可访问</li>\n<li>通过cookie保存数据的方法为：为document.cookie设置一个符合目标的字符串如下</li>\n<li>读取document.cookie获得&#39;; &#39;分隔的字符串，key=value,解析得到结果</li>\n</ul>\n<pre><code>document.cookie = &#39;name=qiu; max-age=9999; path=/; domain=domain; secure&#39;;\n\ndocument.cookie = &#39;name=aaa; path=/; domain=domain; secure&#39;;\n// 要改变cookie的值，需要使用相同的名字、路径和域，新的值\n// 来设置cookie，同样的方法可以用来改变有效期\n\n// 设置max-age为0可以删除指定cookie\n\n//读取cookie，访问document.cookie返回键值对组成的字符串，\n//不同键值对之间用&#39;; &#39;分隔。通过解析获得需要的值\n</code></pre><p><a href=\"https://github.com/qiu-deqing/google/blob/master/module/js/cookieUtil.js\">cookieUtil.js</a>：自己写的cookie操作工具</p>\n",
    "options": []
}