{
    "type": "reply",
    "tag": "javascript",
    "difficulty": "1",
    "from": "https://github.com/hawx1993/front-end-interview-questions",
    "description": "DOM元素e的e.getAttribute(propName)和e.propName有什么区别和联系",
    "answer": "- e.getAttribute()，是标准DOM操作文档元素属性的方法，具有通用性可在任意文档上使用，返回元素在源文件中**设置的属性**\n- e.propName通常是在HTML文档中访问特定元素的**特性**，浏览器解析元素后生成对应对象（如a标签生成HTMLAnchorElement），这些对象的特性会根据特定规则结合属性设置得到，对于没有对应特性的属性，只能使用getAttribute进行访问\n- e.getAttribute()返回值是源文件中设置的值，类型是字符串或者null（有的实现返回\"\"）\n- e.propName返回值可能是字符串、布尔值、对象、undefined等\n- 大部分attribute与property是一一对应关系，修改其中一个会影响另一个，如id，title等属性\n- 一些布尔属性`<input hidden/>`的检测设置需要hasAttribute和removeAttribute来完成，或者设置对应property\n- 像`<a href=\"../index.html\">link</a>`中href属性，转换成property的时候需要通过转换得到完整URL\n- 一些attribute和property不是一一对应如：form控件中`<input value=\"hello\"/>`对应的是defaultValue，修改或设置value property修改的是控件当前值，setAttribute修改value属性不会改变value property",
    "options": []
}