{
    "type": "reply",
    "tag": "javascript",
    "difficulty": "1",
    "from": "https://github.com/qiu-deqing/fe-interview",
    "description": "<p>==运算符判断相等的流程是怎样的</p>\n",
    "answer": "<ol>\n<li>如果两个值类型相同，按照===比较方法进行比较</li>\n<li>如果类型不同，使用如下规则进行比较<ol>\n<li>如果其中一个值是null，另一个是undefined，它们相等</li>\n<li>如果一个值是<strong>数字</strong>另一个是<strong>字符串</strong>，将<strong>字符串转换为数字</strong>进行比较</li>\n<li>如果有布尔类型，将<strong>true转换为1，false转换为0</strong>，然后用==规则继续比较</li>\n<li>如果一个值是对象，另一个是数字或字符串，将对象转换为原始值然后用==规则继续比较</li>\n<li><strong>其他所有情况都认为不相等</strong></li>\n</ol>\n</li>\n</ol>\n",
    "options": []
}