{
    "type": "reply",
    "tag": "javascript",
    "difficulty": "1",
    "from": "https://github.com/qiu-deqing/fe-interview",
    "description": "<p>什么闭包,闭包有什么用</p>\n",
    "answer": "<p><strong>闭包是在某个作用域内定义的函数，它可以访问这个作用域内的所有变量</strong>。闭包作用域链通常包括三个部分：</p>\n<ol>\n<li>函数本身作用域。</li>\n<li>闭包定义时的作用域。</li>\n<li>全局作用域。</li>\n</ol>\n<p>闭包常见用途：</p>\n<ol>\n<li>创建特权方法用于访问控制</li>\n<li>事件处理程序及回调</li>\n</ol>\n",
    "options": []
}