{
    "type": "reply",
    "tag": "javascript",
    "difficulty": "1",
    "from": "https",
    "description": "什么闭包,闭包有什么用",
    "answer": "**闭包是在某个作用域内定义的函数，它可以访问这个作用域内的所有变量**。闭包作用域链通常包括三个部分：\n\n1. 函数本身作用域。\n2. 闭包定义时的作用域。\n3. 全局作用域。\n\n闭包常见用途：\n\n1. 创建特权方法用于访问控制\n2. 事件处理程序及回调",
    "options": []
}