{
    "type": "reply",
    "tag": "javascript",
    "difficulty": "1",
    "from": "https://github.com/qiu-deqing/fe-interview",
    "description": "客户端存储localStorage和sessionStorage",
    "answer": "- localStorage有效期为永久，sessionStorage有效期为顶层窗口关闭前\n- 同源文档可以读取并修改localStorage数据，sessionStorage只允许同一个窗口下的文档访问，如通过iframe引入的同源文档。\n- Storage对象通常被当做普通javascript对象使用：**通过设置属性来存取字符串值**，也可以通过**setItem(key, value)设置**，**getItem(key)读取**，**removeItem(key)删除**，**clear()删除所有数据**，**length表示已存储的数据项数目**，**key(index)返回对应索引的key**\n\n```\nlocalStorage.setItem('x', 1); // storge x->1\nlocalStorage.getItem('x); // return value of x\n\n// 枚举所有存储的键值对\nfor (var i = 0, len = localStorage.length; i < len; ++i ) {\n    var name = localStorage.key(i);\n    var value = localStorage.getItem(name);\n}\n\nlocalStorage.removeItem('x'); // remove x\nlocalStorage.clear();  // remove all data\n```",
    "options": []
}