{
    "type": "reply",
    "tag": "web",
    "difficulty": "1",
    "from": "https://github.com/qiu-deqing/fe-interview",
    "description": "<p>如何进行网站性能优化</p>\n",
    "answer": "<p><a href=\"https://developer.yahoo.com/performance/rules.html\">雅虎Best Practices for Speeding Up Your Web Site</a>：</p>\n<ul>\n<li><p>content方面</p>\n<ol>\n<li>减少HTTP请求：合并文件、CSS精灵、inline Image</li>\n<li>减少DNS查询：DNS查询完成之前浏览器不能从这个主机下载任何任何文件。方法：DNS缓存、将资源分布到恰当数量的主机名，平衡并行下载和DNS查询</li>\n<li>避免重定向：多余的中间访问</li>\n<li>使Ajax可缓存</li>\n<li>非必须组件延迟加载</li>\n<li>未来所需组件预加载</li>\n<li>减少DOM元素数量</li>\n<li>将资源放到不同的域下：浏览器同时从一个域下载资源的数目有限，增加域可以提高并行下载量</li>\n<li>减少iframe数量</li>\n<li>不要404</li>\n</ol>\n</li>\n<li><p>Server方面</p>\n<ol>\n<li>使用CDN</li>\n<li>添加Expires或者Cache-Control响应头</li>\n<li>对组件使用Gzip压缩</li>\n<li>配置ETag</li>\n<li>Flush Buffer Early</li>\n<li>Ajax使用GET进行请求</li>\n<li>避免空src的img标签</li>\n</ol>\n</li>\n<li>Cookie方面<ol>\n<li>减小cookie大小</li>\n<li>引入资源的域名不要包含cookie</li>\n</ol>\n</li>\n<li>css方面<ol>\n<li>将样式表放到页面顶部</li>\n<li>不使用CSS表达式</li>\n<li>使用&lt;link&gt;不使用@import</li>\n<li>不使用IE的Filter</li>\n</ol>\n</li>\n<li>Javascript方面<ol>\n<li>将脚本放到页面底部</li>\n<li>将javascript和css从外部引入</li>\n<li>压缩javascript和css</li>\n<li>删除不需要的脚本</li>\n<li>减少DOM访问</li>\n<li>合理设计事件监听器</li>\n</ol>\n</li>\n<li>图片方面<ol>\n<li>优化图片：根据实际颜色需要选择色深、压缩</li>\n<li>优化css精灵</li>\n<li>不要在HTML中拉伸图片</li>\n<li>保证favicon.ico小并且可缓存</li>\n</ol>\n</li>\n<li>移动方面<ol>\n<li>保证组件小于25k</li>\n<li>Pack Components into a Multipart Document</li>\n</ol>\n</li>\n</ul>\n",
    "options": []
}