{
    "type": "reply",
    "tag": "web",
    "difficulty": "1",
    "from": "https",
    "description": "HTTP response报文结构是怎样的",
    "answer": "[rfc2616](http://www.w3.org/Protocols/rfc2616/rfc2616-sec6.html)中进行了定义：\n\n1. 首行是状态行包括：**HTTP版本，状态码，状态描述**，后面跟一个CRLF\n2. 首行之后是**若干行响应头**，包括：**通用头部，响应头部，实体头部**\n3. 响应头部和响应实体之间用**一个CRLF空行**分隔\n4. 最后是一个可能的**消息实体**\n响应报文例子如下：\n\n```\nHTTP/1.1 200 OK\nDate: Tue, 08 Jul 2014 05:28:43 GMT\nServer: Apache/2\nLast-Modified: Wed, 01 Sep 2004 13:24:52 GMT\nETag: \"40d7-3e3073913b100\"\nAccept-Ranges: bytes\nContent-Length: 16599\nCache-Control: max-age=21600\nExpires: Tue, 08 Jul 2014 11:28:43 GMT\nP3P: policyref=\"http://www.w3.org/2001/05/P3P/p3p.xml\"\nContent-Type: text/html; charset=iso-8859-1\n\n{\"name\": \"qiu\", \"age\": 25}\n```",
    "options": []
}