{
    "type": "reply",
    "tag": "web",
    "difficulty": "1",
    "from": "https://github.com/hawx1993/front-end-interview-questions",
    "description": "什么是web语义化,有什么好处",
    "answer": "web语义化是指通过HTML标记表示页面包含的信息，包含了HTML标签的语义化和css命名的语义化。\nHTML标签的语义化是指：通过使用包含语义的标签（如h1-h6）恰当地表示文档结构\ncss命名的语义化是指：为html标签添加有意义的class，id补充未表达的语义，如[Microformat](http://en.wikipedia.org/wiki/Microformats)通过添加符合规则的class描述信息\n为什么需要语义化：\n\n- 去掉样式后页面呈现清晰的结构\n- 盲人使用读屏器更好地阅读\n- 搜索引擎更好地理解页面，有利于收录\n- 便团队项目的可持续运作及维护",
    "options": []
}