{
    "type": "reply",
    "tag": "web",
    "difficulty": "1",
    "from": "https://github.com/qiu-deqing/fe-interview",
    "description": "<p>HTTP response报文结构是怎样的</p>\n",
    "answer": "<p><a href=\"http://www.w3.org/Protocols/rfc2616/rfc2616-sec6.html\">rfc2616</a>中进行了定义：</p>\n<ol>\n<li>首行是状态行包括：<strong>HTTP版本，状态码，状态描述</strong>，后面跟一个CRLF</li>\n<li>首行之后是<strong>若干行响应头</strong>，包括：<strong>通用头部，响应头部，实体头部</strong></li>\n<li>响应头部和响应实体之间用<strong>一个CRLF空行</strong>分隔</li>\n<li>最后是一个可能的<strong>消息实体</strong>\n响应报文例子如下：</li>\n</ol>\n<pre><code>HTTP/1.1 200 OK\nDate: Tue, 08 Jul 2014 05:28:43 GMT\nServer: Apache/2\nLast-Modified: Wed, 01 Sep 2004 13:24:52 GMT\nETag: &quot;40d7-3e3073913b100&quot;\nAccept-Ranges: bytes\nContent-Length: 16599\nCache-Control: max-age=21600\nExpires: Tue, 08 Jul 2014 11:28:43 GMT\nP3P: policyref=&quot;http://www.w3.org/2001/05/P3P/p3p.xml&quot;\nContent-Type: text/html; charset=iso-8859-1\n\n{&quot;name&quot;: &quot;qiu&quot;, &quot;age&quot;: 25}\n</code></pre>",
    "options": []
}