{
    "type": "reply",
    "tag": "web",
    "difficulty": "1",
    "from": "https://github.com/qiu-deqing/fe-interview",
    "description": "<p>HTTP状态码及其含义</p>\n",
    "answer": "<p>参考<a href=\"http://www.w3.org/Protocols/rfc2616/rfc2616-sec10.html\">RFC 2616</a></p>\n<ul>\n<li>1XX：信息状态码<ul>\n<li><strong>100 Continue</strong>：客户端应当继续发送请求。这个临时相应是用来通知客户端它的部分请求已经被服务器接收，且仍未被拒绝。客户端应当继续发送请求的剩余部分，或者如果请求已经完成，忽略这个响应。服务器必须在请求万仇向客户端发送一个最终响应</li>\n<li><strong>101 Switching Protocols</strong>：服务器已经理解力客户端的请求，并将通过Upgrade消息头通知客户端采用不同的协议来完成这个请求。在发送完这个响应最后的空行后，服务器将会切换到Upgrade消息头中定义的那些协议。</li>\n</ul>\n</li>\n<li>2XX：成功状态码<ul>\n<li><strong>200 OK</strong>：请求成功，请求所希望的响应头或数据体将随此响应返回</li>\n<li><strong>201 Created</strong>：</li>\n<li><strong>202 Accepted</strong>：</li>\n<li><strong>203 Non-Authoritative Information</strong>：</li>\n<li><strong>204 No Content</strong>：</li>\n<li><strong>205 Reset Content</strong>：</li>\n<li><strong>206 Partial Content</strong>：</li>\n</ul>\n</li>\n<li>3XX：重定向<ul>\n<li><strong>300 Multiple Choices</strong>：</li>\n<li><strong>301 Moved Permanently</strong>：</li>\n<li><strong>302 Found</strong>：</li>\n<li><strong>303 See Other</strong>：</li>\n<li><strong>304 Not Modified</strong>：</li>\n<li><strong>305 Use Proxy</strong>：</li>\n<li><strong>306 （unused）</strong>：</li>\n<li><strong>307 Temporary Redirect</strong>：</li>\n</ul>\n</li>\n<li>4XX：客户端错误<ul>\n<li><strong>400 Bad Request</strong>:</li>\n<li><strong>401 Unauthorized</strong>:</li>\n<li><strong>402 Payment Required</strong>:</li>\n<li><strong>403 Forbidden</strong>:</li>\n<li><strong>404 Not Found</strong>:</li>\n<li><strong>405 Method Not Allowed</strong>:</li>\n<li><strong>406 Not Acceptable</strong>:</li>\n<li><strong>407 Proxy Authentication Required</strong>:</li>\n<li><strong>408 Request Timeout</strong>:</li>\n<li><strong>409 Conflict</strong>:</li>\n<li><strong>410 Gone</strong>:</li>\n<li><strong>411 Length Required</strong>:</li>\n<li><strong>412 Precondition Failed</strong>:</li>\n<li><strong>413 Request Entity Too Large</strong>:</li>\n<li><strong>414 Request-URI Too Long</strong>:</li>\n<li><strong>415 Unsupported Media Type</strong>:</li>\n<li><strong>416 Requested Range Not Satisfiable</strong>:</li>\n<li><strong>417 Expectation Failed</strong>:</li>\n</ul>\n</li>\n<li>5XX: 服务器错误<ul>\n<li><strong>500 Internal Server Error</strong>:</li>\n<li><strong>501 Not Implemented</strong>:</li>\n<li><strong>502 Bad Gateway</strong>:</li>\n<li><strong>503 Service Unavailable</strong>:</li>\n<li><strong>504 Gateway Timeout</strong>:</li>\n<li><strong>505 HTTP Version Not Supported</strong>:</li>\n</ul>\n</li>\n</ul>\n",
    "options": []
}