{
    "type": "reply",
    "tag": "web",
    "difficulty": "1",
    "from": "https://github.com/qiu-deqing/fe-interview",
    "description": "<p>HTML全局属性(global attribute)有哪些</p>\n",
    "answer": "<p>参考资料：<a href=\"https://developer.mozilla.org/en-US/docs/Web/HTML/Global_attributes\">MDN: html global attribute</a>或者<a href=\"http://www.w3.org/TR/html-markup/global-attributes.html#common.attrs.core\">W3C HTML global-attributes</a></p>\n<ul>\n<li><code>accesskey</code>:设置快捷键，提供快速访问元素如<a href=\"#\" accesskey=\"a\">aaa</a>在windows下的firefox中按<code>alt + shift + a</code>可激活元素</li>\n<li><code>class</code>:为元素设置类标识，多个类名用空格分开，CSS和javascript可通过class属性获取元素</li>\n<li><code>contenteditable</code>: 指定元素内容是否可编辑</li>\n<li><code>contextmenu</code>: 自定义鼠标右键弹出菜单内容</li>\n<li><code>data-*</code>: 为元素增加自定义属性</li>\n<li><code>dir</code>: 设置元素文本方向</li>\n<li><code>draggable</code>: 设置元素是否可拖拽</li>\n<li><code>dropzone</code>: 设置元素拖放类型： copy, move, link</li>\n<li><code>hidden</code>: 表示一个元素是否与文档。样式上会导致元素不显示，但是不能用这个属性实现样式效果</li>\n<li><code>id</code>: 元素id，文档内唯一</li>\n<li><code>lang</code>: 元素内容的的语言</li>\n<li><code>spellcheck</code>: 是否启动拼写和语法检查</li>\n<li><code>style</code>: 行内css样式</li>\n<li><code>tabindex</code>: 设置元素可以获得焦点，通过tab可以导航</li>\n<li><code>title</code>: 元素相关的建议信息</li>\n<li><code>translate</code>: 元素和子孙节点内容是否需要本地化</li>\n</ul>\n",
    "options": []
}