{
    "type": "reply",
    "tag": "web",
    "difficulty": "1",
    "from": "https://github.com/qiu-deqing/fe-interview",
    "description": "<p><code>&lt;img&gt;</code>的<code>title</code>和<code>alt</code>有什么区别</p>\n",
    "answer": "<ol>\n<li><code>title</code>是<a href=\"http://www.w3.org/TR/html-markup/global-attributes.html#common.attrs.core\">global attributes</a>之一，用于为元素提供附加的advisory information。通常当鼠标滑动到元素上的时候显示。</li>\n<li><code>alt</code>是<code>&lt;img&gt;</code>的特有属性，是图片内容的等价描述，用于图片无法加载时显示、读屏器阅读图片。可提图片高可访问性，除了纯装饰图片外都必须设置有意义的值，搜索引擎会重点分析。</li>\n</ol>\n",
    "options": []
}