{
    "type": "reply",
    "tag": "web",
    "difficulty": "1",
    "from": "https://github.com/qiu-deqing/fe-interview",
    "description": "<p>HTTP request报文结构是怎样的</p>\n",
    "answer": "<p><a href=\"http://www.w3.org/Protocols/rfc2616/rfc2616-sec5.html\">rfc2616</a>中进行了定义：</p>\n<ol>\n<li>首行是<strong>Request-Line</strong>包括：<strong>请求方法</strong>，<strong>请求URI</strong>，<strong>协议版本</strong>，<strong>CRLF</strong></li>\n<li>首行之后是若干行<strong>请求头</strong>，包括<strong>general-header</strong>，<strong>request-header</strong>或者<strong>entity-header</strong>，每个一行以CRLF结束</li>\n<li>请求头和消息实体之间有一个<strong>CRLF分隔</strong></li>\n<li>根据实际请求需要可能包含一个<strong>消息实体</strong>\n一个请求报文例子如下：</li>\n</ol>\n<pre><code>GET /Protocols/rfc2616/rfc2616-sec5.html HTTP/1.1\nHost: www.w3.org\nConnection: keep-alive\nCache-Control: max-age=0\nAccept: text/html,application/xhtml+xml,application/xml;q=0.9,image/webp,*/*;q=0.8\nUser-Agent: Mozilla/5.0 (Windows NT 6.1; WOW64) AppleWebKit/537.36 (KHTML, like Gecko) Chrome/35.0.1916.153 Safari/537.36\nReferer: https://www.google.com.hk/\nAccept-Encoding: gzip,deflate,sdch\nAccept-Language: zh-CN,zh;q=0.8,en;q=0.6\nCookie: authorstyle=yes\nIf-None-Match: &quot;2cc8-3e3073913b100&quot;\nIf-Modified-Since: Wed, 01 Sep 2004 13:24:52 GMT\n\nname=qiu&amp;age=25\n</code></pre>",
    "options": []
}