{
    "type": "reply",
    "tag": "web",
    "difficulty": "1",
    "from": "https://github.com/qiu-deqing/fe-interview",
    "description": "<p>doctype是什么,举例常见doctype及特点</p>\n",
    "answer": "<ol>\n<li><code>&lt;!doctype&gt;</code>声明必须处于HTML文档的头部，在<code>&lt;html&gt;</code>标签之前，HTML5中不区分大小写</li>\n<li><code>&lt;!doctype&gt;</code>声明不是一个HTML标签，是一个用于告诉浏览器当前HTMl版本的指令</li>\n<li>现代浏览器的html布局引擎通过检查doctype决定使用兼容模式还是标准模式对文档进行渲染，一些浏览器有一个接近标准模型。</li>\n<li>在HTML4.01中<code>&lt;!doctype&gt;</code>声明指向一个DTD，由于HTML4.01基于SGML，所以DTD指定了标记规则以保证浏览器正确渲染内容</li>\n<li>HTML5不基于SGML，所以不用指定DTD</li>\n</ol>\n<p>常见dotype：</p>\n<ol>\n<li><strong>HTML4.01 strict</strong>：不允许使用表现性、废弃元素（如font）以及frameset。声明：<code>&lt;!DOCTYPE HTML PUBLIC &quot;-//W3C//DTD HTML 4.01//EN&quot; &quot;http://www.w3.org/TR/html4/strict.dtd&quot;&gt;</code></li>\n<li><strong>HTML4.01 Transitional</strong>:允许使用表现性、废弃元素（如font），不允许使用frameset。声明：<code>&lt;!DOCTYPE HTML PUBLIC &quot;-//W3C//DTD HTML 4.01 Transitional//EN&quot; &quot;http://www.w3.org/TR/html4/loose.dtd&quot;&gt;</code></li>\n<li><strong>HTML4.01 Frameset</strong>:允许表现性元素，废气元素以及frameset。声明：<code>&lt;!DOCTYPE HTML PUBLIC &quot;-//W3C//DTD HTML 4.01 Frameset//EN&quot; &quot;http://www.w3.org/TR/html4/frameset.dtd&quot;&gt;</code></li>\n<li><strong>XHTML1.0 Strict</strong>:不使用允许表现性、废弃元素以及frameset。文档必须是结构良好的XML文档。声明：<code>&lt;!DOCTYPE html PUBLIC &quot;-//W3C//DTD XHTML 1.0 Strict//EN&quot; &quot;http://www.w3.org/TR/xhtml1/DTD/xhtml1-strict.dtd&quot;&gt;</code></li>\n<li><strong>XHTML1.0 Transitional</strong>:允许使用表现性、废弃元素，不允许frameset，文档必须是结构良好的XMl文档。声明： <code>&lt;!DOCTYPE html PUBLIC &quot;-//W3C//DTD XHTML 1.0 Transitional//EN&quot; &quot;http://www.w3.org/TR/xhtml1/DTD/xhtml1-transitional.dtd&quot;&gt;</code></li>\n<li><strong>XHTML 1.0 Frameset</strong>:允许使用表现性、废弃元素以及frameset，文档必须是结构良好的XML文档。声明：<code>&lt;!DOCTYPE html PUBLIC &quot;-//W3C//DTD XHTML 1.0 Frameset//EN&quot; &quot;http://www.w3.org/TR/xhtml1/DTD/xhtml1-frameset.dtd&quot;&gt;</code></li>\n<li><strong>HTML 5</strong>: <code>&lt;!doctype html&gt;</code></li>\n</ol>\n",
    "options": []
}