{
    "type": "reply",
    "tag": "web",
    "difficulty": "1",
    "from": "https://github.com/hawx1993/front-end-interview-questions",
    "description": "HTTP状态码及其含义",
    "answer": "参考[RFC 2616](http://www.w3.org/Protocols/rfc2616/rfc2616-sec10.html)\n\n- 1XX：信息状态码\n    - **100 Continue**：客户端应当继续发送请求。这个临时相应是用来通知客户端它的部分请求已经被服务器接收，且仍未被拒绝。客户端应当继续发送请求的剩余部分，或者如果请求已经完成，忽略这个响应。服务器必须在请求万仇向客户端发送一个最终响应\n    - **101 Switching Protocols**：服务器已经理解力客户端的请求，并将通过Upgrade消息头通知客户端采用不同的协议来完成这个请求。在发送完这个响应最后的空行后，服务器将会切换到Upgrade消息头中定义的那些协议。\n- 2XX：成功状态码\n    - **200 OK**：请求成功，请求所希望的响应头或数据体将随此响应返回\n    - **201 Created**：\n    - **202 Accepted**：\n    - **203 Non-Authoritative Information**：\n    - **204 No Content**：\n    - **205 Reset Content**：\n    - **206 Partial Content**：\n- 3XX：重定向\n    - **300 Multiple Choices**：\n    - **301 Moved Permanently**：\n    - **302 Found**：\n    - **303 See Other**：\n    - **304 Not Modified**：\n    - **305 Use Proxy**：\n    - **306 （unused）**：\n    - **307 Temporary Redirect**：\n- 4XX：客户端错误\n    - **400 Bad Request**:\n    - **401 Unauthorized**:\n    - **402 Payment Required**:\n    - **403 Forbidden**:\n    - **404 Not Found**:\n    - **405 Method Not Allowed**:\n    - **406 Not Acceptable**:\n    - **407 Proxy Authentication Required**:\n    - **408 Request Timeout**:\n    - **409 Conflict**:\n    - **410 Gone**:\n    - **411 Length Required**:\n    - **412 Precondition Failed**:\n    - **413 Request Entity Too Large**:\n    - **414 Request-URI Too Long**:\n    - **415 Unsupported Media Type**:\n    - **416 Requested Range Not Satisfiable**:\n    - **417 Expectation Failed**:\n- 5XX: 服务器错误\n    - **500 Internal Server Error**:\n    - **501 Not Implemented**:\n    - **502 Bad Gateway**:\n    - **503 Service Unavailable**:\n    - **504 Gateway Timeout**:\n    - **505 HTTP Version Not Supported**:",
    "options": []
}