{
    "type": "reply",
    "tag": "web",
    "difficulty": "1",
    "from": "https://github.com/qiu-deqing/fe-interview",
    "description": "HTTP request报文结构是怎样的",
    "answer": "[rfc2616](http://www.w3.org/Protocols/rfc2616/rfc2616-sec5.html)中进行了定义：\n\n1. 首行是**Request-Line**包括：**请求方法**，**请求URI**，**协议版本**，**CRLF**\n2. 首行之后是若干行**请求头**，包括**general-header**，**request-header**或者**entity-header**，每个一行以CRLF结束\n3. 请求头和消息实体之间有一个**CRLF分隔**\n4. 根据实际请求需要可能包含一个**消息实体**\n一个请求报文例子如下：\n\n```\nGET /Protocols/rfc2616/rfc2616-sec5.html HTTP/1.1\nHost: www.w3.org\nConnection: keep-alive\nCache-Control: max-age=0\nAccept: text/html,application/xhtml+xml,application/xml;q=0.9,image/webp,*/*;q=0.8\nUser-Agent: Mozilla/5.0 (Windows NT 6.1; WOW64) AppleWebKit/537.36 (KHTML, like Gecko) Chrome/35.0.1916.153 Safari/537.36\nReferer: https://www.google.com.hk/\nAccept-Encoding: gzip,deflate,sdch\nAccept-Language: zh-CN,zh;q=0.8,en;q=0.6\nCookie: authorstyle=yes\nIf-None-Match: \"2cc8-3e3073913b100\"\nIf-Modified-Since: Wed, 01 Sep 2004 13:24:52 GMT\n\nname=qiu&age=25\n```",
    "options": []
}