{
    "type": "reply",
    "tag": "web",
    "difficulty": "1",
    "from": "https://github.com/qiu-deqing/fe-interview",
    "description": "<p>什么是渐进增强</p>\n",
    "answer": "<p>渐进增强是指在web设计时强调可访问性、语义化HTML标签、外部样式表和脚本。保证所有人都能访问页面的基本内容和功能同时为高级浏览器和高带宽用户提供更好的用户体验。核心原则如下:</p>\n<ul>\n<li>所有浏览器都必须能访问基本内容</li>\n<li>所有浏览器都必须能使用基本功能</li>\n<li>所有内容都包含在语义化标签中</li>\n<li>通过外部CSS提供增强的布局</li>\n<li>通过非侵入式、外部javascript提供增强功能</li>\n<li>end-user web browser preferences are respected</li>\n</ul>\n",
    "options": []
}